Ticker,Entry Date,Exit Date,Reason,Shares,Entry Price,Exit Price,Profit/Loss (₹),Return (%)
MARICO.NS,2022-09-14,2022-09-16,STOP_LOSS,19,509.65,487.54,-420.1,-4.34
PFC.NS,2022-09-13,2022-09-22,STOP_LOSS,132,75.72,73.05,-352.01,-3.52
POWERGRID.NS,2022-09-14,2022-09-23,STOP_LOSS,67,147.38,131.93,-1034.99,-10.48
IRFC.NS,2022-09-13,2022-09-26,STOP_LOSS,484,20.65,19.16,-722.26,-7.23
KOTAKBANK.NS,2022-09-14,2022-09-27,STOP_LOSS,25,389.07,360.79,-707.06,-7.27
AXISBANK.NS,2022-09-14,2022-09-28,STOP_LOSS,12,800.31,716.08,-1010.79,-10.52
POWERGRID.NS,2022-09-30,2022-10-03,STOP_LOSS,72,134.48,132.49,-143.49,-1.48
MARICO.NS,2022-09-20,2022-10-10,STOP_LOSS,19,503.02,487.6,-292.88,-3.06
IRFC.NS,2022-09-28,2022-11-17,TAKE_PROFIT,496,19.54,26.31,3358.8,34.66
SHRIRAMFIN.NS,2022-11-17,2022-11-18,STOP_LOSS,43,237.3,231.53,-247.94,-2.43
DRREDDY.NS,2022-10-31,2022-12-16,STOP_LOSS,11,863.69,834.83,-317.42,-3.34
HDFCLIFE.NS,2022-11-24,2022-12-26,STOP_LOSS,18,565.15,556.01,-164.49,-1.62
PFC.NS,2022-10-28,2023-01-02,TAKE_PROFIT,132,74.6,99.97,3348.36,34.0
RELIANCE.NS,2022-10-28,2023-01-12,STOP_LOSS,8,1147.87,1123.35,-196.2,-2.14
SHRIRAMFIN.NS,2022-11-21,2023-01-25,STOP_LOSS,42,241.86,231.6,-430.75,-4.24
BEL.NS,2022-12-16,2023-01-30,STOP_LOSS,109,95.46,88.21,-790.55,-7.6
HDFCLIFE.NS,2023-01-03,2023-02-01,STOP_LOSS,17,587.9,558.51,-499.65,-5.0
CIPLA.NS,2022-09-16,2023-02-20,STOP_LOSS,9,1006.11,928.98,-694.18,-7.67
TCS.NS,2023-01-12,2023-03-15,STOP_LOSS,3,2942.11,2895.16,-140.84,-1.6
MARUTI.NS,2023-01-30,2023-03-17,STOP_LOSS,1,8475.3,8054.64,-420.66,-4.96
DLF.NS,2023-03-17,2023-03-20,STOP_LOSS,28,362.95,352.5,-292.73,-2.88
DLF.NS,2023-03-20,2023-03-24,STOP_LOSS,28,357.78,352.51,-147.37,-1.47
SIEMENS.NS,2022-12-26,2023-05-02,TAKE_PROFIT,6,1633.37,2036.7,2419.97,24.69
BRITANNIA.NS,2022-11-07,2023-05-08,TAKE_PROFIT,2,3900.27,4444.78,1089.02,13.96
BAJAJ-AUTO.NS,2023-01-25,2023-06-06,TAKE_PROFIT,3,3441.11,4372.1,2793.0,27.06
DRREDDY.NS,2023-03-15,2023-06-28,TAKE_PROFIT,12,856.05,993.36,1647.67,16.04
NTPC.NS,2023-02-01,2023-07-06,TAKE_PROFIT,68,151.14,179.21,1908.92,18.57
SUNPHARMA.NS,2022-09-16,2023-07-27,TAKE_PROFIT,11,835.48,1090.39,2804.08,30.51
TORNTPHARM.NS,2022-09-21,2023-08-04,TAKE_PROFIT,6,1438.3,1997.02,3352.27,38.85
VBL.NS,2023-03-24,2023-08-17,TAKE_PROFIT,38,267.71,366.45,3752.15,36.88
PIDILITIND.NS,2023-08-10,2023-08-18,STOP_LOSS,9,1236.26,1223.69,-113.13,-1.02
PIDILITIND.NS,2023-08-24,2023-09-01,STOP_LOSS,9,1236.99,1223.37,-122.59,-1.1
COALINDIA.NS,2023-02-20,2023-09-07,TAKE_PROFIT,59,173.75,216.07,2497.04,24.36
BANDHANBNK.NS,2023-09-08,2023-09-12,STOP_LOSS,53,237.3,229.39,-419.62,-3.34
DMART.NS,2023-09-07,2023-09-21,STOP_LOSS,3,3785.1,3679.91,-315.56,-2.78
BANDHANBNK.NS,2023-09-21,2023-10-19,STOP_LOSS,53,239.35,229.74,-509.53,-4.02
RELIANCE.NS,2023-07-06,2023-10-25,STOP_LOSS,9,1199.04,1108.39,-815.78,-7.56
TATACHEM.NS,2023-08-28,2023-10-25,STOP_LOSS,12,994.77,935.35,-713.06,-5.97
POWERGRID.NS,2022-10-12,2023-11-13,TAKE_PROFIT,71,136.6,193.25,4021.61,41.46
BHARTIARTL.NS,2023-05-02,2023-11-21,TAKE_PROFIT,14,766.1,947.52,2539.86,23.68
GODREJCP.NS,2023-11-13,2024-01-04,TAKE_PROFIT,13,936.19,1138.88,2634.94,21.65
HDFCLIFE.NS,2023-11-21,2024-01-18,STOP_LOSS,19,661.44,595.93,-1244.84,-9.91
MAXHEALTH.NS,2023-10-19,2024-01-23,TAKE_PROFIT,22,577.21,758.31,3984.25,31.38
BAJFINANCE.NS,2024-01-18,2024-01-23,STOP_LOSS,19,714.1,702.71,-216.55,-1.6
KOTAKBANK.NS,2024-01-29,2024-01-31,STOP_LOSS,38,363.13,357.29,-222.01,-1.61
IDBI.NS,2024-01-04,2024-02-05,TAKE_PROFIT,211,66.74,88.76,4648.04,33.01
KOTAKBANK.NS,2024-01-31,2024-02-06,STOP_LOSS,39,363.6,357.34,-244.17,-1.72
PIIND.NS,2024-02-09,2024-02-12,STOP_LOSS,4,3438.48,3393.4,-180.34,-1.31
ITC.NS,2023-10-26,2024-02-13,STOP_LOSS,32,372.83,352.08,-663.97,-5.57
MARUTI.NS,2023-05-08,2024-02-19,TAKE_PROFIT,1,8724.5,11165.51,2441.01,27.98
GRASIM.NS,2023-06-06,2024-02-20,TAKE_PROFIT,6,1731.38,2190.76,2756.3,26.53
MARICO.NS,2024-02-21,2024-02-26,STOP_LOSS,27,521.53,509.89,-314.29,-2.23
EICHERMOT.NS,2023-09-15,2024-04-08,TAKE_PROFIT,3,3311.58,4154.51,2528.82,25.45
AXISBANK.NS,2024-03-06,2024-04-19,STOP_LOSS,13,1122.31,1006.37,-1507.22,-10.33
HINDALCO.NS,2023-08-04,2024-04-24,TAKE_PROFIT,27,445.84,625.83,4859.8,40.37
CGPOWER.NS,2024-02-28,2024-05-07,TAKE_PROFIT,33,427.16,566.19,4588.14,32.55
SRF.NS,2024-02-21,2024-05-09,STOP_LOSS,6,2380.58,2296.07,-507.05,-3.55
TATACOMM.NS,2024-02-08,2024-06-04,STOP_LOSS,8,1702.87,1564.82,-1104.34,-8.11
ITC.NS,2024-05-07,2024-06-04,STOP_LOSS,40,383.74,366.09,-706.15,-4.6
UBL.NS,2023-10-25,2024-06-10,TAKE_PROFIT,7,1567.13,2089.06,3653.54,33.31
AXISBANK.NS,2024-04-19,2024-06-25,TAKE_PROFIT,14,1026.64,1260.3,3271.3,22.76
ULTRACEMCO.NS,2024-06-04,2024-06-27,TAKE_PROFIT,1,9601.74,11454.65,1852.91,19.3
TITAN.NS,2024-06-10,2024-07-03,STOP_LOSS,4,3389.68,3330.73,-235.81,-1.74
INDUSINDBK.NS,2024-07-03,2024-07-05,STOP_LOSS,11,1453.15,1427.14,-286.02,-1.79
SBILIFE.NS,2023-06-28,2024-07-26,TAKE_PROFIT,9,1293.31,1715.97,3803.94,32.68
DRREDDY.NS,2024-01-24,2024-08-21,TAKE_PROFIT,12,1158.73,1389.65,2771.06,19.93
PIIND.NS,2024-02-15,2024-09-11,TAKE_PROFIT,4,3520.64,4683.32,4650.72,33.02
TITAN.NS,2024-08-21,2024-10-18,STOP_LOSS,4,3538.11,3327.82,-841.16,-5.94
AXISBANK.NS,2024-10-18,2024-11-05,STOP_LOSS,14,1194.91,1132.99,-866.8,-5.18
AXISBANK.NS,2024-11-05,2024-11-13,STOP_LOSS,14,1169.8,1135.73,-476.97,-2.91
HINDUNILVR.NS,2024-06-04,2024-12-12,STOP_LOSS,6,2375.32,2275.7,-597.75,-4.19
GRASIM.NS,2024-11-13,2024-12-30,STOP_LOSS,6,2486.08,2447.53,-231.33,-1.55
EICHERMOT.NS,2024-04-08,2025-01-02,TAKE_PROFIT,3,4063.86,4987.92,2772.18,22.74
SBIN.NS,2024-09-11,2025-01-09,STOP_LOSS,23,740.13,721.85,-420.54,-2.47
KOTAKBANK.NS,2025-01-09,2025-01-10,STOP_LOSS,45,357.01,351.61,-242.86,-1.51
VBL.NS,2024-12-18,2025-01-13,STOP_LOSS,26,629.56,575.48,-1405.97,-8.59
BEL.NS,2024-12-30,2025-01-13,STOP_LOSS,59,281.1,263.88,-1015.64,-6.12
DRREDDY.NS,2025-01-13,2025-01-24,STOP_LOSS,11,1318.33,1244.12,-816.22,-5.63
BPCL.NS,2024-07-26,2025-01-27,STOP_LOSS,58,293.24,239.32,-3127.28,-18.39
MARICO.NS,2025-01-10,2025-02-17,STOP_LOSS,24,660.7,605.09,-1334.69,-8.42
TCS.NS,2024-06-27,2025-02-27,STOP_LOSS,4,3646.59,3424.07,-890.08,-6.1
ITC.NS,2024-07-08,2025-02-28,STOP_LOSS,40,393.7,369.23,-978.79,-6.22
MARUTI.NS,2025-02-28,2025-03-04,STOP_LOSS,1,11700.43,11498.98,-201.45,-1.72
BAJFINANCE.NS,2025-01-02,2025-04-24,TAKE_PROFIT,23,729.9,933.34,4679.04,27.87
ITC.NS,2025-04-24,2025-04-25,STOP_LOSS,44,402.63,397.93,-206.82,-1.17
SBICARD.NS,2025-01-24,2025-06-06,TAKE_PROFIT,21,753.4,988.27,4932.33,31.18
BHARTIARTL.NS,2025-01-14,2025-06-26,TAKE_PROFIT,10,1567.11,1960.82,3937.12,25.12
ICICIBANK.NS,2025-01-27,2025-07-25,TAKE_PROFIT,13,1208.36,1468.67,3383.96,21.54
TITAN.NS,2025-06-26,2025-07-31,STOP_LOSS,5,3671.57,3329.5,-1710.31,-9.32
JSWSTEEL.NS,2024-04-24,2025-08-07,TAKE_PROFIT,17,868.5,1066.26,3362.03,22.77
INDIANB.NS,2024-05-15,2025-08-11,TAKE_PROFIT,30,500.04,649.12,4472.25,29.81
MARUTI.NS,2025-08-12,2025-09-26,TAKE_PROFIT,1,12712.33,16240.94,3528.61,27.76
HINDUNILVR.NS,2025-07-31,2025-12-05,STOP_LOSS,7,2476.35,2311.07,-1156.93,-6.67
HAL.NS,2025-09-26,2025-12-08,STOP_LOSS,4,4687.58,4357.54,-1320.15,-7.04
CIPLA.NS,2025-07-25,2026-01-07,STOP_LOSS,12,1518.26,1443.93,-891.89,-4.9
ICICIBANK.NS,2026-01-07,2026-01-21,STOP_LOSS,13,1415.76,1339.48,-991.7,-5.39
YESBANK.NS,2026-01-21,2026-01-23,STOP_LOSS,856,21.66,21.06,-509.84,-2.75
SBIN.NS,2025-06-06,2026-02-09,TAKE_PROFIT,22,798.65,1080.97,6210.94,35.35
HCLTECH.NS,2025-12-05,2026-02-12,STOP_LOSS,11,1622.94,1481.77,-1552.84,-8.7
LICI.NS,2026-02-09,2026-02-13,STOP_LOSS,43,437.47,420.89,-713.0,-3.79
ICICIBANK.NS,2026-02-12,2026-03-02,STOP_LOSS,13,1418.05,1345.35,-945.06,-5.13
ICICIBANK.NS,2026-03-02,2026-03-04,STOP_LOSS,13,1362.51,1348.3,-184.79,-1.04
INDIGO.NS,2025-02-28,2026-03-09,STOP_LOSS,3,4469.75,4147.86,-965.67,-7.2
HDFCLIFE.NS,2025-04-24,2026-03-09,STOP_LOSS,25,703.94,642.95,-1524.68,-8.66
BAJFINANCE.NS,2026-02-13,2026-03-09,STOP_LOSS,18,1018.49,933.0,-1538.79,-8.39
HDFCBANK.NS,2024-06-25,2026-03-23,STOP_LOSS,19,830.53,729.94,-1911.22,-12.11
BAJAJFINSV.NS,2025-02-27,2026-03-23,STOP_LOSS,8,1922.97,1684.33,-1909.12,-12.41
HEROMOTOCO.NS,2026-03-20,2026-03-23,STOP_LOSS,3,5199.03,5099.56,-298.39,-1.91
DRREDDY.NS,2026-03-10,2026-04-01,STOP_LOSS,14,1306.32,1231.66,-1045.21,-5.72
SUNPHARMA.NS,2026-03-04,2026-04-02,STOP_LOSS,10,1745.92,1670.62,-753.0,-4.31
HEROMOTOCO.NS,2026-04-08,2026-04-16,STOP_LOSS,3,5210.85,5091.37,-358.45,-2.29
ICICIBANK.NS,2026-04-13,2026-04-17,STOP_LOSS,13,1339.8,1325.8,-182.11,-1.05
ICICIGI.NS,2026-04-16,2026-04-17,STOP_LOSS,9,1879.56,1856.24,-209.94,-1.24
NTPC.NS,2026-01-23,2026-04-22,TAKE_PROFIT,55,330.61,398.7,3745.38,20.6
HEROMOTOCO.NS,2026-04-20,2026-04-23,STOP_LOSS,3,5205.92,5095.35,-331.72,-2.12
ICICIBANK.NS,2026-04-20,2026-04-24,STOP_LOSS,13,1344.86,1325.75,-248.51,-1.42
ZYDUSLIFE.NS,2026-04-23,2026-04-28,STOP_LOSS,18,945.5,917.19,-509.55,-2.99
RECLTD.NS,2026-04-16,2026-04-30,STOP_LOSS,49,358.46,350.18,-405.73,-2.31
RELIANCE.NS,2026-04-29,2026-04-30,STOP_LOSS,12,1418.84,1395.17,-284.05,-1.67
RELIANCE.NS,2026-04-30,2026-05-11,STOP_LOSS,12,1424.22,1395.32,-346.79,-2.03
M&M.NS,2026-05-07,2026-05-11,STOP_LOSS,5,3335.67,3249.32,-431.75,-2.59
HEROMOTOCO.NS,2026-05-07,2026-05-11,STOP_LOSS,3,5265.55,5083.21,-547.01,-3.46
NHPC.NS,2026-04-15,2026-05-12,STOP_LOSS,219,80.36,77.53,-619.01,-3.52
BHARTIARTL.NS,2026-05-15,2026-05-21,STOP_LOSS,9,1881.72,1862.27,-175.0,-1.03
LICI.NS,2026-05-26,2026-05-27,STOP_LOSS,41,417.66,406.12,-473.14,-2.76
BRITANNIA.NS,2025-08-07,2026-05-29,STOP_LOSS,3,5386.79,5181.57,-615.66,-3.81
NHPC.NS,2026-05-27,2026-05-29,STOP_LOSS,217,80.46,78.11,-509.56,-2.92
AXISBANK.NS,2026-05-29,2026-06-03,STOP_LOSS,13,1285.61,1238.18,-616.55,-3.69
AXISBANK.NS,2026-06-10,2026-07-22,STOP_LOSS,13,1313.49,1239.82,-957.68,-5.61
DIVISLAB.NS,2026-04-23,2026-08-03,TAKE_PROFIT,2,6352.31,8448.08,4191.56,32.99
ULTRACEMCO.NS,2026-07-23,2026-09-02,STOP_LOSS,1,11669.8,11360.44,-309.36,-2.65
