ticker,signal_date,entry_price,stop_loss,take_profit,risk,reward,risk_reward,compression,volume_ratio,rsi,action,confidence_pct
CHOLAFIN.NS,2026-09-10,1859.0,1672.09,2161.79,186.91,302.79,1.62,8.19,2.01,43.7,BUY,50.0
CUMMINSIND.NS,2026-09-10,5155.0,4968.83,7074.95,186.17,1919.95,10.31,5.26,1.77,45.8,BUY,50.0
PETRONET.NS,2026-09-10,288.7,275.95,442.72,12.75,154.02,12.08,2.73,1.33,46.7,BUY,50.0
CLEAN.NS,2026-09-10,848.45,821.17,1374.53,27.28,526.08,19.28,4.21,2.37,54.7,BUY,50.0
INDOCO.NS,2026-09-10,254.25,228.97,353.72,25.28,99.47,3.93,4.52,7.83,61.1,BUY,50.0
OIL.NS,2026-09-10,500.3,446.11,714.96,54.19,214.66,3.96,5.97,1.42,69.0,BUY,50.0
TIMKEN.NS,2026-09-10,3297.2,3218.28,4802.54,78.92,1505.34,19.07,3.29,1.63,63.0,BUY,50.0
ADANIPORTS.NS,2026-09-10,1775.0,1612.1,2279.09,162.9,504.09,3.09,4.67,2.47,61.3,BUY,50.0
COALINDIA.NS,2026-09-10,431.0,419.3,592.46,11.7,161.46,13.8,3.08,2.81,77.4,BUY,50.0
DLF.NS,2026-09-10,655.1,640.03,1078.76,15.07,423.66,28.11,4.17,4.03,43.1,BUY,50.0
HINDCOPPER.NS,2026-09-10,532.3,482.39,1064.05,49.91,531.75,10.65,7.7,1.48,41.3,BUY,50.0
MARICO.NS,2026-09-10,813.9,791.05,962.34,22.85,148.44,6.5,4.56,1.33,33.6,BUY,50.0
CASTROLIND.NS,2026-09-10,189.16,184.35,243.8,4.81,54.64,11.35,0.8,1.41,52.5,BUY,50.0
GRAPHITE.NS,2026-09-10,844.65,646.49,1237.77,198.16,393.12,1.98,8.13,17.46,77.0,BUY,50.0
HAL.NS,2026-09-10,5000.5,4439.55,5749.7,560.95,749.2,1.34,7.39,1.89,48.7,BUY,50.0
JSL.NS,2026-09-10,783.3,729.44,1175.33,53.86,392.03,7.28,1.91,10.62,72.9,BUY,50.0
MANINFRA.NS,2026-09-10,128.72,114.33,201.75,14.39,73.03,5.07,5.71,1.71,86.3,BUY,50.0
METROPOLIS.NS,2026-09-10,602.1,521.58,724.66,80.52,122.56,1.52,7.92,1.68,71.9,BUY,50.0
MIDHANI.NS,2026-09-10,463.8,387.72,567.66,76.08,103.86,1.37,7.42,2.76,64.5,BUY,50.0
MRPL.NS,2026-09-10,184.46,160.78,301.5,23.68,117.04,4.94,5.72,2.89,64.3,BUY,50.0
NOCIL.NS,2026-09-10,188.28,164.95,265.59,23.33,77.31,3.31,2.09,3.18,85.8,BUY,50.0
PCBL.NS,2026-09-10,334.95,309.86,446.34,25.09,111.39,4.44,2.94,2.87,58.2,BUY,50.0
RATNAMANI.NS,2026-09-10,2859.2,2429.51,4872.86,429.69,2013.66,4.69,4.67,1.38,80.5,BUY,50.0
WESTLIFE.NS,2026-09-10,561.5,525.03,706.89,36.47,145.39,3.99,6.45,2.94,45.6,BUY,50.0
MARICO.NS,2026-09-11,813.9,791.05,962.34,22.85,148.44,6.5,4.56,1.33,33.6,BUY,50.0
HAL.NS,2026-09-11,5000.5,4439.55,5749.7,560.95,749.2,1.34,7.39,1.89,48.7,BUY,50.0
METROPOLIS.NS,2026-09-11,602.1,521.58,724.66,80.52,122.56,1.52,7.92,1.68,71.9,BUY,50.0
RATNAMANI.NS,2026-09-11,2859.2,2429.51,4872.86,429.69,2013.66,4.69,4.67,1.38,80.5,BUY,50.0
WESTLIFE.NS,2026-09-11,561.5,525.03,706.89,36.47,145.39,3.99,6.45,2.94,45.6,BUY,50.0
INDUSINDBK.NS,2026-09-11,978.2,908.44,1171.97,69.76,193.77,2.78,8.06,1.38,37.4,BUY,50.0
LICHSGFIN.NS,2026-09-11,562.9,530.65,753.63,32.25,190.73,5.91,0.94,4.82,80.9,BUY,50.0
YESBANK.NS,2026-09-11,23.48,21.84,30.18,1.64,6.7,4.08,2.54,3.96,60.9,BUY,50.0
CHOLAFIN.NS,2026-09-11,1859.0,1669.94,2161.79,189.06,302.79,1.6,8.31,2.01,43.7,BUY,50.0
CUMMINSIND.NS,2026-09-11,5155.0,4970.32,7074.95,184.68,1919.95,10.4,5.23,1.77,45.8,BUY,50.0
PETRONET.NS,2026-09-11,288.7,276.19,442.72,12.51,154.02,12.31,2.64,1.33,46.7,BUY,50.0
CASTROLIND.NS,2026-09-11,188.06,184.43,242.7,3.63,54.64,15.06,0.81,2.12,51.2,BUY,50.0
CLEAN.NS,2026-09-11,848.45,821.22,1374.53,27.23,526.08,19.32,4.21,2.37,54.7,BUY,50.0
INDOCO.NS,2026-09-11,254.25,231.54,353.72,22.71,99.47,4.38,4.44,7.83,61.1,BUY,50.0
JSL.NS,2026-09-11,762.15,728.27,1154.18,33.88,392.03,11.57,1.62,1.59,65.1,BUY,50.0
MIDHANI.NS,2026-09-11,463.35,389.09,567.21,74.26,103.86,1.4,7.85,1.78,68.5,BUY,50.0
MRPL.NS,2026-09-11,181.32,161.0,298.36,20.32,117.04,5.76,6.09,1.84,56.1,BUY,50.0
NOCIL.NS,2026-09-11,195.31,165.28,272.62,30.03,77.31,2.57,3.01,7.04,86.4,BUY,50.0
OIL.NS,2026-09-11,500.3,446.43,714.96,53.87,214.66,3.98,5.91,1.42,69.0,BUY,50.0
PCBL.NS,2026-09-11,334.8,310.33,446.19,24.47,111.39,4.55,3.17,1.49,67.1,BUY,50.0
TIMKEN.NS,2026-09-11,3297.2,3219.13,4802.54,78.07,1505.34,19.28,3.29,1.63,63.0,BUY,50.0
PETRONET.NS,2026-09-12,288.7,276.19,442.72,12.51,154.02,12.31,2.64,1.33,46.7,BUY,50.0
CASTROLIND.NS,2026-09-12,188.06,184.43,242.7,3.63,54.64,15.06,0.81,2.12,51.2,BUY,50.0
MIDHANI.NS,2026-09-12,463.35,389.09,567.21,74.26,103.86,1.4,7.85,1.78,68.5,BUY,50.0
TIMKEN.NS,2026-09-12,3297.2,3219.13,4802.54,78.07,1505.34,19.28,3.29,1.63,63.0,BUY,50.0
INDUSINDBK.NS,2026-09-12,978.2,908.44,1171.97,69.76,193.77,2.78,8.06,1.38,37.4,BUY,50.0
LICHSGFIN.NS,2026-09-12,562.9,530.65,753.63,32.25,190.73,5.91,0.94,4.83,80.9,BUY,50.0
YESBANK.NS,2026-09-12,23.48,21.84,30.18,1.64,6.7,4.08,2.54,3.97,60.9,BUY,50.0
INDOCO.NS,2026-09-12,263.02,231.81,362.49,31.21,99.47,3.19,4.81,5.79,62.5,BUY,50.0
JSL.NS,2026-09-12,756.1,728.43,1148.13,27.67,392.03,14.17,1.51,2.59,70.4,BUY,50.0
OIL.NS,2026-09-12,489.8,446.79,704.46,43.01,214.66,4.99,6.1,1.69,58.5,BUY,50.0
WESTLIFE.NS,2026-09-12,569.6,525.59,714.99,44.01,145.39,3.3,6.36,22.09,42.7,BUY,50.0
INDUSINDBK.NS,2026-09-13,978.2,908.44,1171.97,69.76,193.77,2.78,8.06,1.38,37.4,BUY,50.0
LICHSGFIN.NS,2026-09-13,562.9,530.65,753.63,32.25,190.73,5.91,0.94,4.83,80.9,BUY,50.0
YESBANK.NS,2026-09-13,23.48,21.84,30.18,1.64,6.7,4.08,2.54,3.97,60.9,BUY,50.0
INDOCO.NS,2026-09-13,263.02,231.81,362.49,31.21,99.47,3.19,4.81,5.79,62.5,BUY,50.0
JSL.NS,2026-09-13,756.1,728.43,1148.13,27.67,392.03,14.17,1.51,2.59,70.4,BUY,50.0
OIL.NS,2026-09-13,489.8,446.79,704.46,43.01,214.66,4.99,6.1,1.69,58.5,BUY,50.0
WESTLIFE.NS,2026-09-13,569.6,525.59,714.99,44.01,145.39,3.3,6.36,22.09,42.7,BUY,50.0
INDUSINDBK.NS,2026-09-14,978.2,907.75,1171.97,70.45,193.77,2.75,8.13,1.38,37.4,BUY,50.0
LICHSGFIN.NS,2026-09-14,562.9,531.39,753.63,31.51,190.73,6.05,1.07,4.83,80.9,BUY,50.0
YESBANK.NS,2026-09-14,23.48,21.84,30.18,1.64,6.7,4.08,2.53,3.97,60.9,BUY,50.0
INDOCO.NS,2026-09-14,263.02,230.59,362.49,32.43,99.47,3.07,4.85,5.79,62.5,BUY,50.0
JSL.NS,2026-09-14,756.1,727.55,1148.13,28.55,392.03,13.73,1.39,2.59,70.4,BUY,50.0
OIL.NS,2026-09-14,489.8,446.81,704.46,42.99,214.66,4.99,6.09,1.69,58.5,BUY,50.0
WESTLIFE.NS,2026-09-14,569.6,524.98,714.99,44.62,145.39,3.26,6.37,22.09,42.7,BUY,50.0
GRASIM.NS,2026-09-15,3171.0,2977.79,3577.15,193.21,406.15,2.1,8.04,1.53,37.3,BUY,50.0
PERSISTENT.NS,2026-09-15,5477.5,5261.56,9460.34,215.94,3982.84,18.44,4.18,1.39,43.6,BUY,50.0
FSL.NS,2026-09-15,283.35,271.69,547.24,11.66,263.89,22.64,3.91,8.75,55.2,BUY,50.0
MIDHANI.NS,2026-09-15,405.85,391.1,541.6,14.75,135.75,9.2,8.2,1.39,46.3,BUY,50.0
TATAINVEST.NS,2026-09-15,718.35,664.17,1114.94,54.18,396.59,7.32,3.44,25.87,74.4,BUY,50.0
INDUSINDBK.NS,2026-09-15,978.2,907.75,1171.97,70.45,193.77,2.75,8.13,1.38,37.4,BUY,50.0
LICHSGFIN.NS,2026-09-15,562.9,531.39,753.63,31.51,190.73,6.05,1.07,4.83,80.9,BUY,50.0
YESBANK.NS,2026-09-15,23.48,21.84,30.18,1.64,6.7,4.08,2.53,3.97,60.9,BUY,50.0
INDOCO.NS,2026-09-15,263.02,230.59,362.49,32.43,99.47,3.07,4.85,5.79,62.5,BUY,50.0
JSL.NS,2026-09-15,756.1,727.55,1148.13,28.55,392.03,13.73,1.39,2.59,70.4,BUY,50.0
OIL.NS,2026-09-15,489.8,446.81,704.46,42.99,214.66,4.99,6.09,1.69,58.5,BUY,50.0
WESTLIFE.NS,2026-09-15,569.6,524.98,714.99,44.62,145.39,3.26,6.37,22.09,42.7,BUY,50.0
WESTLIFE.NS,2026-09-16,569.6,524.98,714.99,44.62,145.39,3.26,6.37,22.09,42.7,BUY,50.0
SHRIRAMFIN.NS,2026-09-16,979.0,958.81,1285.35,20.19,306.35,15.17,8.27,1.58,17.2,BUY,50.0
MARICO.NS,2026-09-16,810.15,790.14,975.67,20.01,165.52,8.27,3.99,1.82,35.6,BUY,50.0
FINEORG.NS,2026-09-16,5193.0,4744.73,6402.48,448.27,1209.48,2.7,6.64,1.36,50.6,BUY,50.0
GLENMARK.NS,2026-09-16,2410.0,2183.3,2801.26,226.7,391.26,1.73,7.87,1.33,42.2,BUY,50.0
GODREJIND.NS,2026-09-16,1136.5,1114.0,1753.93,22.5,617.43,27.45,5.41,2.45,44.1,BUY,50.0
METROPOLIS.NS,2026-09-16,580.85,522.16,703.41,58.69,122.56,2.09,8.44,1.38,56.7,BUY,50.0
NOCIL.NS,2026-09-16,181.95,165.75,259.26,16.2,77.31,4.77,5.18,1.34,67.5,BUY,50.0
SUPRAJIT.NS,2026-09-16,488.15,460.37,647.58,27.78,159.43,5.74,5.54,2.31,42.4,BUY,50.0
GRASIM.NS,2026-09-16,3171.0,2983.6,3577.15,187.4,406.15,2.17,7.83,1.54,37.0,BUY,50.0
INDHOTEL.NS,2026-09-16,715.0,695.42,809.48,19.58,94.48,4.82,2.21,1.35,47.4,BUY,50.0
LICHSGFIN.NS,2026-09-16,542.0,531.27,732.73,10.73,190.73,17.78,1.03,1.89,70.8,BUY,50.0
PERSISTENT.NS,2026-09-16,5477.5,5271.83,9460.34,205.67,3982.84,19.36,4.17,1.39,43.6,BUY,50.0
YESBANK.NS,2026-09-16,23.07,21.86,29.77,1.21,6.7,5.54,2.65,1.63,58.2,BUY,50.0
FSL.NS,2026-09-16,283.35,271.2,547.24,12.16,263.89,21.71,3.85,8.78,59.4,BUY,50.0
MIDHANI.NS,2026-09-16,405.85,391.97,541.6,13.88,135.75,9.78,8.29,1.41,47.3,BUY,50.0
TATAINVEST.NS,2026-09-16,718.35,665.13,965.58,53.22,247.23,4.65,3.47,26.06,74.3,BUY,50.0
INDHOTEL.NS,2026-09-17,715.0,695.42,809.48,19.58,94.48,4.82,2.21,1.35,47.4,BUY,50.0
CHOLAFIN.NS,2026-09-17,1764.5,1681.19,2111.11,83.31,346.61,4.16,6.95,1.41,27.9,BUY,50.0
ENDURANCE.NS,2026-09-17,2690.8,2647.33,3519.68,43.47,828.88,19.07,3.73,1.4,22.9,BUY,50.0
JKPAPER.NS,2026-09-17,418.05,369.21,473.7,48.84,55.65,1.14,7.14,2.32,64.3,BUY,50.0
SHRIRAMFIN.NS,2026-09-17,979.0,959.22,1285.35,19.78,306.35,15.49,8.23,1.58,17.2,BUY,50.0
YESBANK.NS,2026-09-17,23.4,21.88,30.1,1.52,6.7,4.42,2.61,3.38,62.9,BUY,50.0
GLENMARK.NS,2026-09-17,2410.0,2180.53,2801.26,229.47,391.26,1.71,7.98,1.33,42.2,BUY,50.0
GODREJIND.NS,2026-09-17,1136.5,1113.63,1753.93,22.87,617.43,27.0,5.22,2.48,49.7,BUY,50.0
INDUSINDBK.NS,2026-09-17,958.2,909.15,1183.77,49.05,225.57,4.6,6.93,2.45,39.9,BUY,50.0
LICHSGFIN.NS,2026-09-17,543.0,531.69,733.73,11.31,190.73,16.87,1.02,1.47,60.4,BUY,50.0
MARICO.NS,2026-09-17,810.15,789.16,975.67,20.99,165.52,7.89,4.12,1.82,35.6,BUY,50.0
CASTROLIND.NS,2026-09-17,191.72,184.92,246.36,6.8,54.64,8.04,0.93,2.17,73.5,BUY,50.0
FINEORG.NS,2026-09-17,5193.0,4751.57,6402.48,441.43,1209.48,2.74,6.5,1.36,50.6,BUY,50.0
NOCIL.NS,2026-09-17,186.36,165.79,263.67,20.57,77.31,3.76,5.47,1.82,70.5,BUY,50.0
SUPRAJIT.NS,2026-09-17,488.15,460.69,647.58,27.46,159.43,5.81,5.47,2.31,42.4,BUY,50.0
TATAINVEST.NS,2026-09-17,719.3,665.64,966.53,53.66,247.23,4.61,2.27,3.43,68.3,BUY,50.0
SUNPHARMA.NS,2026-09-18,1837.3,1796.57,2207.59,40.73,370.29,9.09,3.83,1.51,16.1,BUY,50.0
ADANIPORTS.NS,2026-09-18,1824.0,1622.48,2328.09,201.52,504.09,2.5,4.53,1.9,80.4,BUY,50.0
HINDALCO.NS,2026-09-18,986.5,950.35,1394.0,36.15,407.5,11.27,4.37,1.98,33.1,BUY,50.0
JSWSTEEL.NS,2026-09-18,1275.6,1220.97,1485.36,54.63,209.76,3.84,3.64,1.45,36.9,BUY,50.0
ALKEM.NS,2026-09-18,5466.5,5382.67,6959.32,83.83,1492.82,17.81,3.5,2.29,59.4,BUY,50.0
ATGL.NS,2026-09-18,660.7,624.83,1140.18,35.87,479.48,13.37,4.16,21.51,57.7,BUY,50.0
HONAUT.NS,2026-09-18,35445.0,34651.13,48969.23,793.87,13524.23,17.04,2.77,3.09,40.3,BUY,50.0
INDHOTEL.NS,2026-09-18,732.75,696.22,827.23,36.53,94.48,2.59,2.16,1.81,47.2,BUY,50.0
OBEROIRLTY.NS,2026-09-18,1785.0,1697.71,2336.63,87.29,551.63,6.32,4.92,1.78,39.8,BUY,50.0
PETRONET.NS,2026-09-18,292.6,276.69,446.62,15.91,154.02,9.68,2.19,1.81,40.3,BUY,50.0
POONAWALLA.NS,2026-09-18,479.4,446.51,621.15,32.89,141.75,4.31,1.78,5.69,50.2,BUY,50.0
ZYDUSLIFE.NS,2026-09-18,1160.0,1034.52,1361.3,125.48,201.3,1.6,7.18,2.04,49.7,BUY,50.0
ABCAPITAL.NS,2026-09-18,410.05,361.1,499.2,48.95,89.15,1.82,7.74,1.5,50.4,BUY,50.0
CARBORUNIV.NS,2026-09-18,1124.4,998.41,1612.93,125.99,488.53,3.88,7.15,2.63,53.4,BUY,50.0
CLEAN.NS,2026-09-18,851.9,824.3,1305.75,27.6,453.85,16.44,4.12,2.09,55.5,BUY,50.0
EXIDEIND.NS,2026-09-18,435.85,392.55,590.29,43.3,154.44,3.57,7.33,1.33,47.4,BUY,50.0
GENUSPOWER.NS,2026-09-18,310.75,305.7,440.75,5.05,130.0,25.77,3.45,1.37,31.6,BUY,50.0
JSL.NS,2026-09-18,750.95,728.56,1142.98,22.39,392.03,17.51,1.24,3.97,63.1,BUY,50.0
LODHA.NS,2026-09-18,1144.7,1062.01,1647.86,82.69,503.16,6.09,7.57,2.39,41.5,BUY,50.0
MANINFRA.NS,2026-09-18,125.64,114.93,198.67,10.71,73.03,6.82,6.96,1.33,72.2,BUY,50.0
INDUSINDBK.NS,2026-09-18,958.2,908.86,1183.77,49.34,225.57,4.57,6.96,2.45,39.9,BUY,50.0
LICHSGFIN.NS,2026-09-18,543.0,533.53,733.73,9.47,190.73,20.13,1.1,1.46,53.8,BUY,50.0
MARICO.NS,2026-09-18,810.15,789.85,975.67,20.3,165.52,8.15,3.89,1.86,41.5,BUY,50.0
CASTROLIND.NS,2026-09-18,191.72,184.8,246.36,6.92,54.64,7.9,0.94,2.17,73.5,BUY,50.0
FINEORG.NS,2026-09-18,5193.0,4751.6,6402.48,441.4,1209.48,2.74,6.47,1.36,54.8,BUY,50.0
NOCIL.NS,2026-09-18,186.36,165.72,263.67,20.64,77.31,3.74,5.51,1.82,70.5,BUY,50.0
SUPRAJIT.NS,2026-09-18,488.15,460.79,647.58,27.36,159.43,5.83,5.45,2.31,42.4,BUY,50.0
TATAINVEST.NS,2026-09-18,719.3,669.33,966.53,49.97,247.23,4.95,2.79,3.43,68.3,BUY,50.0
SUNPHARMA.NS,2026-09-19,1837.3,1796.57,2207.59,40.73,370.29,9.09,3.83,1.51,16.1,BUY,50.0
ADANIPORTS.NS,2026-09-19,1824.0,1622.48,2328.09,201.52,504.09,2.5,4.53,1.9,80.4,BUY,50.0
HINDALCO.NS,2026-09-19,986.5,950.35,1394.0,36.15,407.5,11.27,4.37,1.98,33.1,BUY,50.0
INDUSINDBK.NS,2026-09-19,966.3,909.29,1191.87,57.01,225.57,3.96,6.76,3.62,34.6,BUY,50.0
JSWSTEEL.NS,2026-09-19,1275.6,1220.97,1485.36,54.63,209.76,3.84,3.64,1.45,36.9,BUY,50.0
ALKEM.NS,2026-09-19,5466.5,5382.67,6959.32,83.83,1492.82,17.81,3.5,2.29,59.4,BUY,50.0
ATGL.NS,2026-09-19,660.7,624.83,1140.18,35.87,479.48,13.37,4.16,21.51,57.7,BUY,50.0
HONAUT.NS,2026-09-19,35445.0,34651.13,48969.23,793.87,13524.23,17.04,2.77,3.09,40.3,BUY,50.0
INDHOTEL.NS,2026-09-19,732.75,696.22,827.23,36.53,94.48,2.59,2.16,1.81,47.2,BUY,50.0
MARICO.NS,2026-09-19,803.9,789.87,969.42,14.03,165.52,11.8,3.63,1.67,40.5,BUY,50.0
OBEROIRLTY.NS,2026-09-19,1785.0,1697.71,2336.63,87.29,551.63,6.32,4.92,1.78,39.8,BUY,50.0
PETRONET.NS,2026-09-19,292.6,276.69,446.62,15.91,154.02,9.68,2.19,1.81,40.3,BUY,50.0
POONAWALLA.NS,2026-09-19,479.4,446.51,621.15,32.89,141.75,4.31,1.78,5.69,50.2,BUY,50.0
ZYDUSLIFE.NS,2026-09-19,1160.0,1034.52,1361.3,125.48,201.3,1.6,7.18,2.04,49.7,BUY,50.0
ABCAPITAL.NS,2026-09-19,410.05,361.1,499.2,48.95,89.15,1.82,7.74,1.5,50.4,BUY,50.0
CARBORUNIV.NS,2026-09-19,1124.4,998.41,1612.93,125.99,488.53,3.88,7.15,2.63,53.4,BUY,50.0
CASTROLIND.NS,2026-09-19,197.14,184.89,251.78,12.25,54.64,4.46,1.24,3.94,84.3,BUY,50.0
CLEAN.NS,2026-09-19,851.9,824.34,1301.78,27.56,449.88,16.33,4.03,2.1,54.0,BUY,50.0
EXIDEIND.NS,2026-09-19,435.85,392.55,590.29,43.3,154.44,3.57,7.33,1.33,47.4,BUY,50.0
FINEORG.NS,2026-09-19,5199.0,4755.27,6408.48,443.73,1209.48,2.73,6.46,1.66,43.4,BUY,50.0
GENUSPOWER.NS,2026-09-19,310.75,305.7,440.75,5.05,130.0,25.77,3.45,1.37,31.6,BUY,50.0
JSL.NS,2026-09-19,750.95,728.56,1142.98,22.39,392.03,17.51,1.24,3.97,63.1,BUY,50.0
LODHA.NS,2026-09-19,1144.7,1062.01,1647.86,82.69,503.16,6.09,7.57,2.39,41.5,BUY,50.0
MANINFRA.NS,2026-09-19,125.64,114.93,198.67,10.71,73.03,6.82,6.96,1.33,72.2,BUY,50.0
NOCIL.NS,2026-09-19,194.56,165.97,271.87,28.59,77.31,2.7,5.93,1.53,71.4,BUY,50.0
SUPRAJIT.NS,2026-09-19,499.05,461.1,658.48,37.95,159.43,4.2,5.36,1.41,47.6,BUY,50.0
TATAINVEST.NS,2026-09-19,702.35,669.56,949.58,32.79,247.23,7.54,2.65,2.1,62.9,BUY,50.0
SUNPHARMA.NS,2026-09-20,1837.3,1796.57,2207.59,40.73,370.29,9.09,3.83,1.51,16.1,BUY,50.0
HINDALCO.NS,2026-09-20,986.5,950.35,1394.0,36.15,407.5,11.27,4.37,1.98,33.1,BUY,50.0
HONAUT.NS,2026-09-20,35445.0,34651.13,48969.23,793.87,13524.23,17.04,2.77,3.09,40.3,BUY,50.0
PETRONET.NS,2026-09-20,292.6,276.69,446.62,15.91,154.02,9.68,2.19,1.81,40.3,BUY,50.0
CARBORUNIV.NS,2026-09-20,1124.4,998.41,1612.93,125.99,488.53,3.88,7.15,2.63,53.4,BUY,50.0
MANINFRA.NS,2026-09-20,125.64,114.93,198.67,10.71,73.03,6.82,6.96,1.33,72.2,BUY,50.0
ADANIPORTS.NS,2026-09-20,1824.0,1622.48,2328.09,201.52,504.09,2.5,4.53,1.9,80.4,BUY,50.0
INDUSINDBK.NS,2026-09-20,966.3,909.29,1191.87,57.01,225.57,3.96,6.76,3.62,34.6,BUY,50.0
JSWSTEEL.NS,2026-09-20,1275.6,1220.97,1485.36,54.63,209.76,3.84,3.64,1.45,36.9,BUY,50.0
ALKEM.NS,2026-09-20,5466.5,5382.67,6959.32,83.83,1492.82,17.81,3.5,2.29,59.4,BUY,50.0
ATGL.NS,2026-09-20,660.7,624.83,1140.18,35.87,479.48,13.37,4.16,21.51,57.7,BUY,50.0
INDHOTEL.NS,2026-09-20,732.75,696.22,827.23,36.53,94.48,2.59,2.16,1.81,47.2,BUY,50.0
MARICO.NS,2026-09-20,803.9,789.87,969.42,14.03,165.52,11.8,3.63,1.67,40.5,BUY,50.0
OBEROIRLTY.NS,2026-09-20,1785.0,1697.71,2336.63,87.29,551.63,6.32,4.92,1.78,39.8,BUY,50.0
POONAWALLA.NS,2026-09-20,479.4,446.51,621.15,32.89,141.75,4.31,1.78,5.69,50.2,BUY,50.0
ZYDUSLIFE.NS,2026-09-20,1160.0,1034.52,1361.3,125.48,201.3,1.6,7.18,2.04,49.7,BUY,50.0
ABCAPITAL.NS,2026-09-20,410.05,361.1,499.2,48.95,89.15,1.82,7.74,1.5,50.4,BUY,50.0
CASTROLIND.NS,2026-09-20,197.14,184.89,251.78,12.25,54.64,4.46,1.24,3.94,84.3,BUY,50.0
CLEAN.NS,2026-09-20,851.9,824.34,1301.78,27.56,449.88,16.33,4.03,2.1,54.0,BUY,50.0
EXIDEIND.NS,2026-09-20,435.85,392.55,590.29,43.3,154.44,3.57,7.33,1.33,47.4,BUY,50.0
FINEORG.NS,2026-09-20,5199.0,4755.27,6408.48,443.73,1209.48,2.73,6.46,1.66,43.4,BUY,50.0
GENUSPOWER.NS,2026-09-20,310.75,305.7,440.75,5.05,130.0,25.77,3.45,1.37,31.6,BUY,50.0
JSL.NS,2026-09-20,750.95,728.56,1142.98,22.39,392.03,17.51,1.24,3.97,63.1,BUY,50.0
LODHA.NS,2026-09-20,1144.7,1062.01,1647.86,82.69,503.16,6.09,7.57,2.39,41.5,BUY,50.0
NOCIL.NS,2026-09-20,194.56,165.97,271.87,28.59,77.31,2.7,5.93,1.53,71.4,BUY,50.0
SUPRAJIT.NS,2026-09-20,488.15,460.79,647.58,27.36,159.43,5.83,5.45,2.31,42.4,BUY,50.0
TATAINVEST.NS,2026-09-20,702.35,669.56,949.58,32.79,247.23,7.54,2.65,2.1,62.9,BUY,50.0
LICHSGFIN.NS,2026-09-21,568.0,533.42,758.73,34.58,190.73,5.51,1.36,1.43,64.2,BUY,50.0
GRINDWELL.NS,2026-09-21,1966.8,1822.48,3051.78,144.32,1084.98,7.52,6.93,1.45,47.6,BUY,50.0
PCBL.NS,2026-09-21,344.35,312.19,455.74,32.16,111.39,3.46,3.42,1.44,67.9,BUY,50.0
SUNPHARMA.NS,2026-09-21,1837.3,1796.19,2207.59,41.11,370.29,9.01,3.85,1.51,16.1,BUY,50.0
ADANIPORTS.NS,2026-09-21,1824.0,1625.01,2328.09,198.99,504.09,2.53,4.39,1.9,80.4,BUY,50.0
HINDALCO.NS,2026-09-21,986.5,950.15,1394.0,36.35,407.5,11.21,4.28,2.01,38.8,BUY,50.0
INDUSINDBK.NS,2026-09-21,966.3,909.19,1191.87,57.11,225.57,3.95,6.77,3.62,34.6,BUY,50.0
JSWSTEEL.NS,2026-09-21,1275.6,1220.77,1485.36,54.83,209.76,3.83,3.42,1.45,42.0,BUY,50.0
ADANIGREEN.NS,2026-09-21,1334.5,1241.42,2039.21,93.08,704.71,7.57,5.75,1.33,70.5,BUY,50.0
ALKEM.NS,2026-09-21,5466.5,5383.89,6959.32,82.61,1492.82,18.07,3.52,2.29,59.4,BUY,50.0
ATGL.NS,2026-09-21,660.7,638.39,1140.18,22.31,479.48,21.49,4.71,23.01,64.0,BUY,50.0
HONAUT.NS,2026-09-21,35445.0,34583.39,48969.23,861.61,13524.23,15.7,2.72,3.15,41.3,BUY,50.0
INDHOTEL.NS,2026-09-21,732.75,695.2,827.23,37.55,94.48,2.52,2.3,1.81,47.2,BUY,50.0
MARICO.NS,2026-09-21,803.9,789.79,969.42,14.11,165.52,11.73,3.57,1.66,44.2,BUY,50.0
OBEROIRLTY.NS,2026-09-21,1785.0,1699.16,2336.63,85.84,551.63,6.43,4.69,1.81,40.0,BUY,50.0
PETRONET.NS,2026-09-21,292.6,276.38,446.62,16.22,154.02,9.5,2.3,1.81,40.3,BUY,50.0
POONAWALLA.NS,2026-09-21,479.4,444.89,621.15,34.51,141.75,4.11,1.9,5.79,58.0,BUY,50.0
ZYDUSLIFE.NS,2026-09-21,1160.0,1033.55,1361.3,126.45,201.3,1.59,7.27,2.04,49.7,BUY,50.0
ABBOTINDIA.NS,2026-09-21,27270.0,26794.55,35499.57,475.45,8229.57,17.31,3.64,3.79,62.9,BUY,50.0
ABCAPITAL.NS,2026-09-21,410.05,360.88,499.2,49.17,89.15,1.81,7.79,1.5,50.4,BUY,50.0
CARBORUNIV.NS,2026-09-21,1124.4,996.15,1612.93,128.25,488.53,3.81,7.31,2.65,51.3,BUY,50.0
CASTROLIND.NS,2026-09-21,197.14,184.84,251.78,12.3,54.64,4.44,1.24,3.94,84.3,BUY,50.0
CLEAN.NS,2026-09-21,851.9,820.09,1301.78,31.81,449.88,14.14,3.5,2.11,58.2,BUY,50.0
EXIDEIND.NS,2026-09-21,435.85,390.84,590.29,45.01,154.44,3.43,7.73,1.33,47.4,BUY,50.0
FINEORG.NS,2026-09-21,5199.0,4751.27,6408.48,447.73,1209.48,2.7,6.61,1.66,40.2,BUY,50.0
GENUSPOWER.NS,2026-09-21,310.75,304.71,440.75,6.04,130.0,21.53,3.78,1.37,31.6,BUY,50.0
JSL.NS,2026-09-21,750.95,730.45,1142.98,20.5,392.03,19.12,1.52,3.9,63.2,BUY,50.0
LODHA.NS,2026-09-21,1144.7,1062.62,1647.86,82.08,503.16,6.13,7.52,2.39,41.5,BUY,50.0
MANINFRA.NS,2026-09-21,125.64,114.93,198.67,10.71,73.03,6.82,7.08,1.35,59.0,BUY,50.0
NOCIL.NS,2026-09-21,194.56,165.97,271.87,28.59,77.31,2.7,5.93,1.53,71.4,BUY,50.0
SUPRAJIT.NS,2026-09-21,499.05,461.93,658.48,37.12,159.43,4.3,5.02,1.47,47.2,BUY,50.0
TATAINVEST.NS,2026-09-21,702.35,667.78,949.58,34.57,247.23,7.15,2.4,2.1,62.9,BUY,50.0
SUNPHARMA.NS,2026-09-22,1837.3,1796.19,2207.59,41.11,370.29,9.01,3.85,1.51,16.1,BUY,50.0
ADANIPORTS.NS,2026-09-22,1824.0,1625.01,2328.09,198.99,504.09,2.53,4.39,1.9,80.4,BUY,50.0
HINDALCO.NS,2026-09-22,986.5,950.15,1394.0,36.35,407.5,11.21,4.28,2.01,38.8,BUY,50.0
INDUSINDBK.NS,2026-09-22,966.3,909.19,1191.87,57.11,225.57,3.95,6.77,3.62,34.6,BUY,50.0
JSWSTEEL.NS,2026-09-22,1275.6,1220.77,1485.36,54.83,209.76,3.83,3.42,1.45,42.0,BUY,50.0
ADANIGREEN.NS,2026-09-22,1334.5,1241.42,2039.21,93.08,704.71,7.57,5.75,1.33,70.5,BUY,50.0
ALKEM.NS,2026-09-22,5466.5,5383.89,6959.32,82.61,1492.82,18.07,3.52,2.29,59.4,BUY,50.0
ATGL.NS,2026-09-22,660.7,638.39,1140.18,22.31,479.48,21.49,4.71,23.01,64.0,BUY,50.0
HONAUT.NS,2026-09-22,35445.0,34583.39,48969.23,861.61,13524.23,15.7,2.72,3.15,41.3,BUY,50.0
MARICO.NS,2026-09-22,803.9,789.79,969.42,14.11,165.52,11.73,3.57,1.66,44.2,BUY,50.0
PETRONET.NS,2026-09-22,292.6,276.38,446.62,16.22,154.02,9.5,2.3,1.81,40.3,BUY,50.0
POONAWALLA.NS,2026-09-22,479.4,444.89,621.15,34.51,141.75,4.11,1.9,5.79,58.0,BUY,50.0
ZYDUSLIFE.NS,2026-09-22,1160.0,1033.55,1361.3,126.45,201.3,1.59,7.27,2.04,49.7,BUY,50.0
ABBOTINDIA.NS,2026-09-22,27270.0,26794.55,35499.57,475.45,8229.57,17.31,3.64,3.79,62.9,BUY,50.0
ABCAPITAL.NS,2026-09-22,410.05,360.88,499.2,49.17,89.15,1.81,7.79,1.5,50.4,BUY,50.0
CLEAN.NS,2026-09-22,851.9,820.09,1301.78,31.81,449.88,14.14,3.5,2.11,58.2,BUY,50.0
EXIDEIND.NS,2026-09-22,435.85,390.84,590.29,45.01,154.44,3.43,7.73,1.33,47.4,BUY,50.0
FINEORG.NS,2026-09-22,5199.0,4751.27,6408.48,447.73,1209.48,2.7,6.61,1.66,40.2,BUY,50.0
GENUSPOWER.NS,2026-09-22,310.75,304.71,440.75,6.04,130.0,21.53,3.78,1.37,31.6,BUY,50.0
LODHA.NS,2026-09-22,1144.7,1062.62,1647.86,82.08,503.16,6.13,7.52,2.39,41.5,BUY,50.0
MANINFRA.NS,2026-09-22,125.64,114.93,198.67,10.71,73.03,6.82,7.08,1.35,59.0,BUY,50.0
NOCIL.NS,2026-09-22,194.56,165.97,271.87,28.59,77.31,2.7,5.93,1.53,71.4,BUY,50.0
SUPRAJIT.NS,2026-09-22,499.05,461.93,658.48,37.12,159.43,4.3,5.02,1.47,47.2,BUY,50.0
TATAINVEST.NS,2026-09-22,702.35,667.78,949.58,34.57,247.23,7.15,2.4,2.1,62.9,BUY,50.0
COALINDIA.NS,2026-09-22,428.0,419.18,589.46,8.82,161.46,18.3,1.87,1.99,57.3,BUY,50.0
BAJAJHLDNG.NS,2026-09-22,11185.0,10883.95,16381.55,301.05,5196.55,17.26,2.15,1.49,52.8,BUY,50.0
DLF.NS,2026-09-22,669.5,641.24,1068.46,28.26,398.96,14.12,1.72,1.46,48.4,BUY,50.0
BANDHANBNK.NS,2026-09-22,184.7,174.94,288.77,9.76,104.07,10.66,3.53,1.65,84.3,BUY,50.0
CASTROLIND.NS,2026-09-22,195.61,184.97,250.25,10.64,54.64,5.14,1.61,1.37,71.1,BUY,50.0
INDHOTEL.NS,2026-09-22,745.0,695.59,839.48,49.41,94.48,1.91,2.49,1.68,66.3,BUY,50.0
LICHSGFIN.NS,2026-09-22,568.0,533.42,758.73,34.58,190.73,5.51,1.36,1.43,64.2,BUY,50.0
OBEROIRLTY.NS,2026-09-22,1821.0,1700.1,2372.63,120.9,551.63,4.56,4.57,2.21,43.2,BUY,50.0
CARBORUNIV.NS,2026-09-22,1178.9,997.79,1667.43,181.11,488.53,2.7,7.51,13.73,60.6,BUY,50.0
GRINDWELL.NS,2026-09-22,1966.8,1822.48,3051.78,144.32,1084.98,7.52,6.93,1.45,47.6,BUY,50.0
JSL.NS,2026-09-22,751.45,730.54,1143.48,20.91,392.03,18.75,1.42,1.49,55.7,BUY,50.0
PCBL.NS,2026-09-22,344.35,312.19,455.74,32.16,111.39,3.46,3.42,1.44,67.9,BUY,50.0
INDHOTEL.NS,2026-09-23,745.0,695.59,839.48,49.41,94.48,1.91,2.49,1.68,66.3,BUY,50.0
OBEROIRLTY.NS,2026-09-23,1821.0,1700.1,2372.63,120.9,551.63,4.56,4.57,2.21,43.2,BUY,50.0
GRINDWELL.NS,2026-09-23,1966.8,1822.48,3051.78,144.32,1084.98,7.52,6.93,1.45,47.6,BUY,50.0
APOLLOHOSP.NS,2026-09-23,9069.0,8132.58,9986.69,936.42,917.69,0.98,6.45,1.36,65.5,BUY,50.0
INDUSINDBK.NS,2026-09-23,959.3,911.83,1184.87,47.47,225.57,4.75,6.17,1.5,30.0,BUY,50.0
TATASTEEL.NS,2026-09-23,190.82,187.42,265.93,3.4,75.11,22.1,2.41,1.64,59.1,BUY,50.0
POONAWALLA.NS,2026-09-23,478.85,445.42,620.6,33.43,141.75,4.24,2.1,1.48,56.6,BUY,50.0
SAIL.NS,2026-09-23,185.44,166.21,272.88,19.23,87.44,4.55,6.52,2.15,36.8,BUY,50.0
ASAHIINDIA.NS,2026-09-23,971.3,897.6,1468.46,73.7,497.16,6.75,4.79,1.55,53.9,BUY,50.0
NOCIL.NS,2026-09-23,206.3,166.91,283.61,39.39,77.31,1.96,7.47,5.71,77.4,BUY,50.0
PHOENIXLTD.NS,2026-09-23,1993.2,1804.4,2584.58,188.8,591.38,3.13,4.28,1.36,55.6,BUY,50.0
SUNFLAG.NS,2026-09-23,390.55,315.0,567.66,75.55,177.11,2.34,7.69,4.36,71.6,BUY,50.0
WESTLIFE.NS,2026-09-23,598.7,525.17,748.83,73.53,150.13,2.04,5.8,2.83,74.3,BUY,50.0
COALINDIA.NS,2026-09-23,428.0,419.12,589.46,8.88,161.46,18.19,1.87,1.99,57.3,BUY,50.0
BAJAJHLDNG.NS,2026-09-23,11185.0,10882.83,16381.55,302.17,5196.55,17.2,2.15,1.49,52.8,BUY,50.0
DLF.NS,2026-09-23,669.5,640.1,1068.46,29.4,398.96,13.57,1.74,1.46,48.4,BUY,50.0
BANDHANBNK.NS,2026-09-23,184.7,174.85,288.77,9.85,104.07,10.57,3.53,1.65,84.3,BUY,50.0
CARBORUNIV.NS,2026-09-23,1211.3,1002.02,1699.83,209.28,488.53,2.33,7.71,3.39,70.7,BUY,50.0
CASTROLIND.NS,2026-09-23,195.61,185.0,250.25,10.61,54.64,5.15,1.6,1.37,71.1,BUY,50.0
BAJAJHLDNG.NS,2026-09-24,11185.0,10882.83,16381.55,302.17,5196.55,17.2,2.15,1.49,52.8,BUY,50.0
ADANIGREEN.NS,2026-09-24,1280.1,1238.34,1984.81,41.76,704.71,16.88,5.77,1.33,45.5,BUY,50.0
DLF.NS,2026-09-24,670.4,638.5,1052.02,31.9,381.62,11.96,2.03,1.47,45.4,BUY,50.0
NAUKRI.NS,2026-09-24,1224.0,1173.9,2040.53,50.1,816.53,16.3,7.56,1.78,28.9,BUY,50.0
YESBANK.NS,2026-09-24,22.44,21.93,29.14,0.51,6.7,13.15,2.7,1.64,49.3,BUY,50.0
ZYDUSLIFE.NS,2026-09-24,1180.3,1038.17,1381.6,142.13,201.3,1.42,7.74,1.45,66.9,BUY,50.0
GODREJAGRO.NS,2026-09-24,676.05,595.43,786.85,80.62,110.8,1.37,6.99,1.59,64.1,BUY,50.0
APOLLOHOSP.NS,2026-09-24,9069.0,8129.34,9986.69,939.66,917.69,0.98,6.49,1.36,65.5,BUY,50.0
INDUSINDBK.NS,2026-09-24,959.3,910.67,1184.87,48.63,225.57,4.64,6.29,1.5,30.0,BUY,50.0
TATASTEEL.NS,2026-09-24,190.82,187.37,265.93,3.45,75.11,21.78,2.41,1.64,59.1,BUY,50.0
POONAWALLA.NS,2026-09-24,478.85,445.62,620.6,33.23,141.75,4.27,2.06,1.48,56.6,BUY,50.0
SAIL.NS,2026-09-24,185.44,166.13,272.88,19.31,87.44,4.53,6.56,2.15,36.8,BUY,50.0
ASAHIINDIA.NS,2026-09-24,971.3,897.38,1468.46,73.92,497.16,6.73,4.82,1.55,53.9,BUY,50.0
BANDHANBNK.NS,2026-09-24,191.38,174.7,295.45,16.68,104.07,6.24,2.63,3.03,85.9,BUY,50.0
CARBORUNIV.NS,2026-09-24,1264.5,1003.07,1753.03,261.43,488.53,1.87,8.46,2.02,74.3,BUY,50.0
CASTROLIND.NS,2026-09-24,193.23,185.02,247.87,8.21,54.64,6.66,1.72,1.4,63.8,BUY,50.0
NOCIL.NS,2026-09-24,206.3,166.82,283.61,39.48,77.31,1.96,7.52,5.71,77.4,BUY,50.0
PHOENIXLTD.NS,2026-09-24,1993.2,1800.41,2584.58,192.79,591.38,3.07,4.48,1.36,55.6,BUY,50.0
SUNFLAG.NS,2026-09-24,390.55,315.2,567.66,75.35,177.11,2.35,7.64,4.36,71.6,BUY,50.0
WESTLIFE.NS,2026-09-24,598.7,524.22,748.83,74.48,150.13,2.02,5.81,2.83,74.3,BUY,50.0
POONAWALLA.NS,2026-09-25,478.85,445.62,620.6,33.23,141.75,4.27,2.06,1.48,56.6,BUY,50.0
PHOENIXLTD.NS,2026-09-25,1993.2,1800.41,2584.58,192.79,591.38,3.07,4.48,1.36,55.6,BUY,50.0
WESTLIFE.NS,2026-09-25,598.7,524.22,748.83,74.48,150.13,2.02,5.81,2.83,74.3,BUY,50.0
KOTAKBANK.NS,2026-09-25,404.0,394.1,573.33,9.9,169.33,17.1,2.92,1.54,30.9,BUY,50.0
APOLLOHOSP.NS,2026-09-25,8889.0,8140.19,9310.2,748.81,421.2,0.56,6.59,1.38,55.2,BUY,50.0
OBEROIRLTY.NS,2026-09-25,1858.5,1698.93,2410.13,159.57,551.63,3.46,4.87,1.49,51.4,BUY,50.0
CASTROLIND.NS,2026-09-25,201.67,185.03,256.31,16.64,54.64,3.28,2.16,4.64,72.6,BUY,50.0
GLENMARK.NS,2026-09-25,2380.0,2194.44,2771.26,185.56,391.26,2.11,8.1,1.55,39.2,BUY,50.0
JSL.NS,2026-09-25,748.25,730.49,1140.28,17.76,392.03,22.08,1.22,2.41,52.9,BUY,50.0
MANINFRA.NS,2026-09-25,129.95,114.96,202.98,14.99,73.03,4.87,7.05,1.7,63.4,BUY,50.0
ADANIGREEN.NS,2026-09-25,1280.1,1237.08,1984.81,43.02,704.71,16.38,5.87,1.33,45.5,BUY,50.0
DLF.NS,2026-09-25,670.4,637.49,1052.02,32.91,381.62,11.6,2.04,1.47,45.4,BUY,50.0
NAUKRI.NS,2026-09-25,1224.0,1171.74,2040.53,52.26,816.53,15.62,7.74,1.79,28.9,BUY,50.0
YESBANK.NS,2026-09-25,22.44,21.94,29.14,0.5,6.7,13.49,2.64,1.64,49.3,BUY,50.0
ZYDUSLIFE.NS,2026-09-25,1180.3,1036.83,1381.6,143.47,201.3,1.4,7.86,1.45,66.9,BUY,50.0
BANDHANBNK.NS,2026-09-25,182.9,174.65,286.97,8.25,104.07,12.62,2.39,1.37,69.7,BUY,50.0
GODREJAGRO.NS,2026-09-25,676.05,593.25,786.85,82.8,110.8,1.34,7.19,1.59,64.1,BUY,50.0
NOCIL.NS,2026-09-25,191.4,167.03,232.34,24.37,40.94,1.68,8.31,3.56,62.3,BUY,50.0
SUNFLAG.NS,2026-09-25,396.8,315.91,573.91,80.89,177.11,2.19,8.45,6.62,75.2,BUY,50.0
DLF.NS,2026-09-26,670.4,637.49,1052.02,32.91,381.62,11.6,2.04,1.47,45.4,BUY,50.0
SUNFLAG.NS,2026-09-26,396.8,315.91,573.91,80.89,177.11,2.19,8.45,6.62,75.2,BUY,50.0
KOTAKBANK.NS,2026-09-26,404.0,394.1,573.33,9.9,169.33,17.1,2.92,1.54,30.9,BUY,50.0
APOLLOHOSP.NS,2026-09-26,8889.0,8140.19,9310.2,748.81,421.2,0.56,6.59,1.38,55.2,BUY,50.0
OBEROIRLTY.NS,2026-09-26,1858.5,1698.93,2410.13,159.57,551.63,3.46,4.87,1.49,51.4,BUY,50.0
ZYDUSLIFE.NS,2026-09-26,1203.9,1038.31,1405.2,165.59,201.3,1.22,8.04,1.45,64.2,BUY,50.0
CASTROLIND.NS,2026-09-26,201.67,185.03,256.31,16.64,54.64,3.28,2.16,4.64,72.6,BUY,50.0
GLENMARK.NS,2026-09-26,2380.0,2194.44,2771.26,185.56,391.26,2.11,8.1,1.55,39.2,BUY,50.0
JSL.NS,2026-09-26,748.25,730.49,1140.28,17.76,392.03,22.08,1.22,2.41,52.9,BUY,50.0
MANINFRA.NS,2026-09-26,129.95,114.96,202.98,14.99,73.03,4.87,7.05,1.71,63.4,BUY,50.0
